ID,BlendProperty1,BlendProperty2,BlendProperty3,BlendProperty4,BlendProperty5,BlendProperty6,BlendProperty7,BlendProperty8,BlendProperty9,BlendProperty10
1,0.13182,0.021378,0.694898,0.551164,0.332478,0.717209,0.675639,0.275837,-0.275322,0.307172
2,-0.595333,-0.947335,-1.219333,-0.011597,-0.729784,-0.14124,-1.238977,-1.268413,-0.916914,-0.074088
3,1.870845,1.204367,1.039849,1.18337,2.53787,1.592591,1.036223,1.882212,0.689272,2.112826
4,-0.358182,0.116368,0.720014,-0.500721,1.853206,-0.382743,0.704541,1.348184,0.751095,-0.876024
5,-0.042139,-0.981389,1.125535,0.324663,2.54685,0.2304,1.049813,0.019899,-0.45663,1.129318
6,-1.664099,-1.806111,0.328948,-1.413728,0.017365,-1.493981,0.312749,-0.213499,-1.043704,0.104499
7,1.109563,0.523765,-0.022139,0.007416,-0.104464,0.50967,-0.034497,0.207856,1.297974,0.351749
8,2.036833,1.328205,0.872772,1.578956,-1.594255,1.496163,0.770553,0.510565,1.523185,0.64073
9,1.322016,0.832139,1.212336,2.391105,-0.559386,0.944724,1.159733,0.32186,0.998782,1.061856
10,-0.976995,-0.811165,-2.556507,-0.615863,-1.181186,-0.588264,-2.455861,0.626877,-0.618572,-1.087088
11,-0.05402,0.51307,0.880455,0.435136,1.564917,-0.214615,0.865803,0.075341,-0.762826,1.021023
12,1.587712,1.068977,0.813017,-0.234423,1.114454,0.528803,0.837208,1.36267,-0.157019,1.130956
13,0.651628,-0.200195,0.918895,-0.001434,-1.390173,2.836492,0.936045,0.653879,1.339611,1.791177
14,-0.465295,0.985168,0.64982,-0.753775,2.504245,-0.53452,0.626575,-0.018211,-1.00048,-0.224653
15,0.461513,2.058997,0.546329,1.468167,-0.21745,0.161558,0.519988,0.953448,0.583757,-0.456583
16,-0.127645,-0.744644,1.026348,-0.817645,0.555161,-1.267627,1.021263,-0.120828,-1.65451,-0.0464
17,-1.398804,-1.422948,-0.142279,-1.501478,-0.789523,-0.023338,-0.158396,-0.806124,-0.422571,-1.476586
18,-0.151415,-0.528416,0.361182,-0.752659,-0.054498,-0.177576,0.327306,0.660147,-0.36407,-0.99183
19,0.097529,-0.447636,0.928854,-0.800869,1.879891,-1.156937,0.90436,1.682757,-1.348865,1.520118
20,-0.600179,-1.491178,0.43834,-1.309568,-0.770176,-0.750801,0.405018,-0.144529,-1.306143,-1.52703
21,-0.302895,-2.065695,0.251522,-1.019887,1.85161,-1.457291,0.20509,0.27492,-0.849502,0.661284
22,0.382304,1.054374,0.037168,1.555896,1.181339,1.98659,0.018567,0.793766,0.569863,1.490486
23,0.980451,1.761034,1.184924,0.783668,1.45461,0.345449,1.127456,0.78537,0.235903,1.437439
24,0.077492,0.690012,0.485369,0.395956,-0.990932,0.291693,0.460191,-0.575689,-0.024175,0.002046
25,-1.373535,-0.910153,-0.176299,-0.674218,-0.568143,-0.461321,-0.194646,-1.043625,-0.37394,0.003864
26,-0.427737,-0.640066,0.186675,-1.084848,-0.312331,0.117304,0.173409,-1.227621,-0.17823,-1.45973
27,0.827279,0.353778,-0.409725,1.477857,-1.329678,0.249032,-0.430245,0.317283,0.487777,-1.246526
28,0.199763,-0.294833,-0.616105,-0.578538,-1.163171,-0.381375,-0.638297,-0.760665,0.713812,0.690404
29,-1.018952,-1.46205,-0.299842,-0.612481,-0.438923,-0.676981,-0.322991,-0.862646,-0.412644,0.244647
30,-0.198651,0.259025,-0.703865,-0.835322,-1.683399,0.125059,-0.692807,-0.792007,-0.199663,-1.766881
31,-1.228215,-0.26775,0.115983,-0.666084,1.082825,-1.033499,0.115104,-0.018706,-1.62301,0.355352
32,-1.338095,-0.522823,-0.455215,-1.070085,0.42474,-1.533463,-0.436224,-0.217033,-0.685242,0.28869
33,0.652495,0.524325,-0.405409,0.547353,0.13298,-0.356592,-0.40688,0.136658,0.680532,-0.154853
34,0.605913,1.039305,0.031476,0.256007,-0.965619,0.181569,0.011177,1.234508,-0.139043,-0.533723
35,-0.736803,-1.313802,-0.348688,-0.876953,0.135597,-0.439722,-0.352756,-1.137789,-2.349222,0.122976
36,1.590837,0.352755,0.534924,0.615142,0.759586,0.717166,0.527179,1.357825,-0.425684,0.471798
37,0.257643,-0.260287,-0.571731,0.039265,-1.255259,0.441784,-0.608977,-0.199591,1.638276,-0.351938
38,0.353323,0.785154,0.487363,1.410371,0.317461,0.735411,0.413974,0.06624,1.162756,-0.7169
39,-1.989041,-1.592173,0.039562,-1.518082,0.244389,-0.329015,0.005618,-1.714851,-0.884815,0.101105
40,0.254742,0.714591,0.50286,-1.276475,-0.228126,0.33907,0.497019,-0.116402,0.915628,-0.521917
41,1.864929,1.16528,1.568111,1.511103,2.131274,2.19507,1.397165,1.114132,1.1749,1.631636
42,1.891491,0.667946,1.242683,0.714386,-1.230529,0.635392,1.168912,0.980168,1.506647,2.084141
43,-1.643987,-0.343775,-0.907529,-1.441619,-0.505989,-0.357155,-0.905867,-1.98936,-0.668711,-1.537827
44,1.172103,0.452299,0.236433,0.735497,-0.340341,0.636889,0.218662,1.79915,0.333565,0.090656
45,-0.622052,-0.669813,-0.147288,-1.527697,1.773183,-1.249194,-0.159626,-0.246353,-1.211555,0.626069
46,0.49657,0.93649,0.735601,0.554551,0.733416,0.62891,0.686149,0.355512,0.832953,-0.935277
47,-1.498442,-2.032519,-0.749414,-1.194947,-0.073471,-2.056336,-0.711988,-0.783433,-1.616909,-0.297696
48,-0.170994,0.171496,-0.254837,0.133248,-0.438311,-0.525834,-0.250479,0.074737,0.861978,-0.65023
49,-0.318973,-1.064608,0.452063,-0.043156,-0.913941,-0.727004,0.417924,-0.265489,-1.385192,-0.108263
50,-1.862636,-1.432028,-2.311852,-0.910735,-0.547288,-1.510995,-2.25049,-2.012447,-2.081293,-1.745452
51,1.978951,0.969646,1.572782,0.504672,2.542817,-0.787272,1.885446,-0.1226,-0.374537,1.946956
52,-0.065684,1.123834,1.357854,-0.312621,1.097549,1.234196,1.393615,0.173938,0.961503,-0.841527
53,-0.03473,-0.039812,-0.346414,-1.077423,0.007039,-0.666096,-0.370316,0.494334,0.358744,0.362139
54,1.489658,0.502545,0.19201,0.481941,0.754965,-0.080977,0.180775,0.537867,-0.968599,1.949524
55,0.974058,0.525367,0.541976,0.170118,-0.086552,1.12494,0.521473,0.142811,0.953842,-0.44207
56,0.754366,0.139593,0.637723,0.117148,-0.085434,0.343597,0.625496,1.015307,-0.119861,-1.149727
57,0.036805,0.294868,0.46252,0.313972,-0.211881,1.024602,0.44809,0.339954,0.592234,0.750958
58,-1.672008,-0.979009,0.418423,-0.216374,1.366162,-0.826248,0.399554,-0.321186,-1.646243,0.147023
59,-0.459289,0.23008,0.080325,0.665026,-1.360312,-0.733606,0.076326,-0.341159,0.300811,-1.888445
60,-1.029448,-1.560263,0.206844,-1.539607,1.715851,-1.072636,0.16977,-0.809829,-1.028486,0.657106
61,-0.407769,-0.164115,-1.925203,-1.157053,0.03665,-1.231033,-1.907924,-0.520781,-0.432958,-1.176453
62,-0.07887,-1.283684,0.183447,-0.534106,-0.957494,0.744385,0.165929,-1.137535,1.045848,-0.6834
63,1.439953,0.421425,0.592741,1.843674,-0.223955,1.195599,0.579941,0.814122,1.323219,1.212126
64,-0.261628,-0.420028,0.800757,-0.584227,1.026644,-1.285295,0.784647,-0.301373,-1.086715,-0.192905
65,-0.32924,-0.964763,1.041866,-1.542603,0.190125,1.349463,0.949619,0.553545,1.059208,-1.107695
66,0.608374,-0.547051,-0.126766,-0.689482,0.830652,0.020803,-0.126941,-0.432502,0.596652,-0.145578
67,1.039288,1.862918,1.120476,0.569442,-0.134235,1.609629,1.057934,1.409258,0.98551,0.805169
68,-0.943811,-1.021465,-0.75698,0.591969,-1.057547,-0.76914,-0.730804,0.200161,-1.297958,-0.471786
69,1.392597,1.789532,0.846996,0.948341,-0.495344,-0.007758,0.826123,0.985025,0.005146,1.678958
70,-0.055501,-0.226131,0.3603,-0.274969,-0.289123,-0.860687,0.358616,-0.264664,0.389631,0.71102
71,-0.256568,-0.103773,-0.027068,-0.287863,-0.799283,-0.587669,-0.016772,-0.143644,-0.402065,0.608943
72,0.5993,-0.424861,-0.01895,0.529377,0.301371,1.217109,-0.005242,0.345238,0.408573,-1.02284
73,0.337575,0.865315,1.646506,-0.479438,2.908145,1.457707,1.883294,0.594106,0.234568,1.494157
74,1.699455,1.093663,1.262226,1.066578,1.506015,0.164655,1.237068,1.101254,0.55093,2.113833
75,1.266335,0.570722,0.052441,0.809604,-0.57426,0.106115,0.063648,0.508486,0.790493,0.389037
76,-1.007481,-0.38676,-0.456676,-0.67976,-0.288156,0.12791,-0.472422,-0.390855,-0.464166,-1.068712
77,-0.525447,0.219307,0.832028,-0.86299,-1.130347,-0.297217,0.842266,-0.34321,-0.449295,-1.015285
78,0.906662,0.979076,0.881438,0.316191,1.029027,2.071372,0.845055,1.841702,0.602611,-0.307004
79,0.877998,0.866916,0.39357,0.962059,-0.644047,0.372792,0.36226,0.755682,0.813411,-0.001941
80,0.789539,0.670553,-0.786459,0.762577,-0.706145,0.556228,-0.795764,-0.170852,2.085985,0.64697
81,-0.005522,0.795048,0.992753,0.189931,-0.448204,-0.603711,0.99358,1.471852,-0.110703,1.194856
82,1.640815,1.129119,0.922796,-0.121828,0.326695,1.225041,0.847968,0.133775,0.647835,-0.373052
83,-0.837602,-0.408075,0.459965,-0.776996,-0.74369,-0.342313,0.408519,-0.106735,-0.410016,0.112933
84,1.0805,0.392562,1.096022,0.716417,-0.472752,1.285766,1.028701,1.700339,-0.413637,0.430398
85,-0.386584,-0.515354,-1.525298,-1.201026,0.057824,-1.963811,-1.494123,-1.3646,-1.02185,-0.45996
86,-0.016134,-0.686998,0.75977,-0.507968,1.276419,0.20031,0.680502,0.232787,-2.03139,0.649729
87,-0.906478,-1.031596,0.779841,-1.218945,-0.00298,0.475637,0.757292,-0.782944,-0.667305,-1.471138
88,-1.153178,-0.02853,0.302609,-0.533906,-1.114583,-0.726827,0.283362,0.000403,-0.660298,-0.692159
89,-0.236601,-0.434251,0.189644,-0.532132,-0.465313,-0.619522,0.178166,-0.856753,-0.605135,-0.528148
90,0.312313,-0.826548,0.825623,-0.489243,2.023671,-0.595273,0.794974,0.207161,-1.283101,0.876396
91,-0.544417,-0.883826,-0.218385,-0.870527,-0.883715,-0.007581,-0.219937,-0.185304,0.982551,-1.5201
92,-1.50492,-0.276997,0.233721,-0.896546,-0.493125,-0.838221,0.231298,-1.633898,-1.483034,-0.660166
93,0.345301,-0.948696,1.475022,0.568681,0.701949,0.136287,1.529743,0.462211,0.061673,0.814373
94,1.691297,0.81881,0.703659,0.535467,-1.01426,0.537208,0.660504,0.552701,1.265794,1.751856
95,1.172684,0.690226,-0.205997,0.744999,-0.260809,1.538788,-0.249895,0.660678,2.149694,-0.875337
96,-1.67497,-1.191791,0.011577,-1.566346,0.874833,-1.883095,-0.003251,-0.299824,-1.788376,-0.153449
97,0.490685,-0.187858,-0.142837,0.213128,-0.172775,-0.076402,-0.150047,-0.112129,0.346608,-0.813921
98,-0.739824,-0.311123,0.246657,-0.896426,-0.977805,-1.361645,0.233991,-0.369928,-0.158175,-0.001091
99,-0.611855,0.020125,-1.514774,-0.371157,-0.040279,-1.379975,-1.457004,-0.626953,0.04332,-0.792363
100,-0.513809,-0.510749,-0.190304,0.403894,0.582449,-0.238703,-0.211205,-0.143568,-0.62921,-0.514154
101,-1.428572,-1.563645,-1.920285,-1.092254,0.504476,-0.962769,-1.917292,-1.981781,-1.298653,-0.466963
102,-0.883713,-1.008104,-0.399623,-0.594121,-0.817901,-0.093579,-0.351739,-0.429753,0.095361,0.00191
103,-1.994637,-1.722072,-1.13232,-1.342939,-0.899721,-1.392817,-1.115657,-1.853468,-1.346562,-1.484589
104,-1.099442,-1.177419,0.878066,-0.34123,0.86964,-0.3446,0.858787,-1.171415,-0.385145,0.208943
105,0.58357,0.382652,1.025766,0.564161,0.130997,0.144684,1.002813,0.746981,-1.040495,0.369183
106,0.768941,1.20223,-1.878172,0.546805,-1.642318,0.624748,-1.855079,-0.337209,2.123387,-0.725038
107,-0.643014,-0.882315,-0.10661,0.410637,0.293993,-0.449349,-0.128992,-0.211417,-0.571427,-1.384198
108,-0.836281,0.00377,-0.162115,-0.645922,-0.806539,0.237344,-0.163637,-0.433046,-0.974458,0.106069
109,0.335749,0.511108,0.7049,0.132274,0.605627,-0.363135,0.660291,0.100574,-1.089709,0.985272
110,0.873309,0.402236,-0.73249,0.84586,-0.432357,0.598564,-0.723378,-0.504922,1.067283,-0.486842
111,0.242098,-0.094775,1.498229,0.666591,1.274233,-0.350234,1.734673,0.759388,0.056654,1.354142
112,1.013177,0.534099,0.401882,-0.138339,-0.264362,0.320581,0.396509,0.621532,0.862366,1.223315
113,0.28909,-0.16051,-0.234483,0.43163,0.196817,-0.343843,-0.262308,-0.163305,-0.139606,-0.474062
114,-0.238969,-0.860679,-0.795128,-0.594428,-0.8113,-0.269817,-0.819474,-1.902025,-0.145983,-0.035615
115,1.192698,0.450266,-1.334031,0.942971,-0.349018,1.369903,-1.332762,0.324342,0.950906,-0.173404
116,-0.44288,-0.121564,-0.65207,-0.312878,0.419813,-1.268932,-0.61366,-0.218395,0.262798,-0.914609
117,-0.159212,-0.373482,-1.632568,-0.904623,-0.798738,0.064529,-1.59892,-0.238188,-0.172051,-0.694479
118,0.064411,-0.295395,0.640327,-0.543065,2.388578,0.635753,0.62325,-0.332565,0.488955,-0.526745
119,-0.71233,-0.946274,-2.272348,-0.156403,-1.679166,0.170114,-2.265191,-0.688134,0.852659,-1.50457
120,0.756023,0.329841,0.528956,1.110203,0.297613,0.529028,0.529057,0.348792,-0.148754,0.850541
121,0.108723,0.027252,0.119184,0.190568,-1.116403,1.195581,0.116351,0.464192,0.835276,0.042303
122,-0.523136,-0.93852,0.658355,-0.950029,-0.129865,-1.08263,0.648027,-0.513649,-0.417329,0.922877
123,-0.082668,-0.377897,0.044632,0.435376,-0.236141,0.578935,0.012881,0.107745,0.29452,-1.276843
124,-0.445678,-0.751456,-1.33139,-1.104211,0.118303,-1.050755,-1.310626,-0.777444,-0.961495,-0.864577
125,-1.895469,-1.903187,-2.149784,-1.86549,-0.164835,-1.770642,-2.126104,-1.779705,-0.812191,-0.461002
126,1.206711,1.252038,0.020049,-0.409302,0.416204,0.969647,0.006383,0.365264,0.547355,0.33357
127,-1.282497,-1.367626,0.786391,-0.441423,2.320677,-1.425922,0.760093,0.213589,-1.389617,0.202597
128,0.504583,0.487404,-1.079969,0.968946,-1.277034,-0.733077,-1.06382,-0.538155,1.291121,-0.918062
129,-0.299254,-0.702603,-0.132496,-0.738472,1.918825,0.200814,-0.165444,-0.444738,-1.132533,0.30886
130,1.223287,1.823326,1.598426,2.283105,1.925432,2.362451,1.661417,1.35064,0.411289,0.525942
131,1.850877,1.798097,1.08202,2.275951,2.577673,1.7806,0.96386,1.893505,1.114195,0.623356
132,1.433489,1.45373,0.855388,2.554978,-0.864773,1.211192,0.892409,1.540954,1.577967,0.263809
133,0.266037,1.154181,-1.190422,1.366735,-0.541064,0.39238,-1.213375,-0.485022,0.434881,-1.551772
134,-0.901989,-1.984599,0.08448,-1.039408,1.643743,-0.715889,0.074914,-0.343626,-0.002101,0.309405
135,-0.610843,-0.10353,-1.837884,0.212863,-1.284128,0.568317,-1.794635,0.333262,0.461773,-0.211424
136,0.410364,-0.462439,-0.155817,0.011391,0.846593,0.472651,-0.16699,-0.003298,0.713737,0.617972
137,-0.138027,-0.543249,0.271116,-0.902483,0.734595,-0.224559,0.255673,-0.173646,-1.688032,0.851344
138,1.481083,0.297144,0.55997,1.427091,0.194286,0.555125,0.534985,0.070575,0.807307,1.524515
139,-0.033275,-0.712486,0.28845,0.311194,1.78342,-1.342201,0.247291,-0.302517,-1.285107,-0.512906
140,-0.987819,-0.393054,0.730605,-0.893733,-0.100674,0.435114,0.776264,0.752421,0.325632,-0.230165
141,0.344126,0.374505,-1.190418,-0.069147,-0.34023,-1.045114,-1.14654,-0.392804,-0.689095,-1.283626
142,-1.116749,-0.720365,-1.929865,-0.998322,-0.926008,-0.383885,-1.879851,-0.169911,0.520791,-0.881256
143,1.027991,1.015668,0.672882,0.899853,-0.93372,0.327309,0.602891,1.173795,0.805615,1.210832
144,-0.28007,-0.241113,-0.246379,-0.051975,0.480935,-0.115252,-0.232413,0.717994,-0.823411,-0.48633
145,0.897643,1.254278,0.800847,0.529155,0.041373,1.232618,0.794798,0.576663,1.710517,2.082987
146,-0.078512,0.951855,0.078797,0.323729,-0.603418,1.872388,0.069727,0.263842,0.347957,-0.324501
147,0.074444,0.627562,-0.019602,-0.457355,-0.346207,0.167462,-0.017828,-1.046178,0.050423,0.459726
148,1.328609,1.278336,-0.095499,1.411232,-0.116378,1.259609,-0.10487,1.589777,0.88258,0.447198
149,-1.6728,-1.295636,-1.590532,-1.360278,0.04104,-1.826876,-1.568669,-1.81584,-0.214178,-0.232152
150,1.480659,1.374975,-0.298447,-0.037037,-0.494489,1.04332,-0.312683,0.296713,1.10082,-0.402109
151,-1.209708,-0.55997,0.017647,-1.134192,0.5687,-1.423791,0.046863,-1.086083,-0.713977,0.267192
152,-0.92209,0.189649,-0.099981,-0.765486,-0.220424,0.072582,-0.113055,-0.563664,-1.249191,-1.055396
153,0.00466,0.359866,-0.882822,-0.494367,-0.45983,-0.073252,-0.870265,-0.661741,-0.712237,0.808119
154,1.684517,0.711881,0.738061,1.14921,-0.322845,1.787741,0.750648,1.841424,2.212547,0.500465
155,1.179781,0.330157,0.628176,0.411659,-0.821763,0.297689,0.630477,1.654496,0.335684,0.686347
156,1.16637,0.54919,-0.477543,0.791394,-1.313819,0.147376,-0.492498,0.523229,1.56009,0.75614
157,0.352358,-0.092933,-0.01985,0.379275,0.48454,-0.638596,-0.025632,0.499457,0.340011,1.078973
158,-0.598882,-0.786918,0.006982,-0.34521,0.006432,-0.014357,0.007434,-0.390879,0.77312,-0.0278
159,-0.427272,-0.708845,-0.27532,-0.358304,0.749264,0.203348,-0.297342,0.687662,-0.14838,-0.310965
160,1.421116,0.241845,0.688011,-0.479342,-1.354297,0.327905,0.623212,-0.315213,-0.829718,-0.734842
161,0.420323,-0.145075,-1.672905,0.053456,-0.416234,-0.085366,-1.670811,-0.617654,1.109243,-1.427075
162,0.909335,1.959949,0.515926,0.909623,-0.451842,1.191791,0.504489,1.25103,1.383309,1.943432
163,-0.525915,-0.910172,0.296843,0.110303,1.835274,-1.212635,0.287942,0.792958,-1.790414,0.516508
164,0.604273,-0.247883,-1.328143,0.820054,-0.238038,-0.645551,-1.315074,0.325918,-0.126935,-1.23634
165,-0.887453,-1.180072,-1.203495,-0.538746,-0.401069,0.088426,-1.184142,-1.298543,-0.689405,-1.364629
166,-1.284749,-1.323976,-0.317794,-1.241387,0.132708,-0.561443,-0.336945,-0.19966,-0.485577,-1.450795
167,-0.34909,-0.454232,1.534618,0.004546,0.741319,-0.96438,1.760029,0.092756,-1.422413,0.269531
168,0.020138,-0.357463,0.300736,-0.975234,-0.089667,0.485332,0.279539,-0.54754,-0.465307,-0.010375
169,0.10954,0.025354,-2.478475,0.086175,-0.689018,-0.255339,-2.45193,-0.298678,-0.135887,-1.524512
170,-0.357467,1.207326,0.675604,1.019631,-0.472167,-0.163303,0.682354,0.657641,-0.316509,-0.502647
171,-0.415098,-0.380602,-0.257165,-0.038739,-0.665914,1.01225,-0.268654,-0.029733,0.167651,-0.757714
172,-0.107076,-0.335955,-0.618647,0.385841,-0.150754,0.06732,-0.670151,-1.391925,-1.115486,-1.752372
173,-1.13934,-0.582692,0.467738,-0.379964,1.565968,-0.991736,0.43643,0.446382,-0.830005,-0.360798
174,-0.625892,0.655341,1.434019,1.155872,2.520474,0.159239,1.426918,-0.616903,-1.037697,0.851987
175,-0.459645,-0.891701,0.84929,0.2586,-0.657222,0.251297,0.885644,0.085314,0.375443,0.601197
176,1.040343,1.553832,1.493548,1.247803,2.479752,1.195875,1.448886,1.725732,0.949,2.101359
177,0.268137,0.46886,-0.02049,0.271581,-0.391137,-1.441344,0.02134,0.275791,-0.489531,1.264519
178,1.062056,-0.168149,0.543494,0.820888,-0.5075,1.015864,0.543114,1.578436,1.29164,0.736595
179,-0.780173,-0.858952,0.855682,-0.890568,0.604687,-1.175817,0.836293,-0.312413,-0.627037,-0.089383
180,0.063566,0.436202,0.245108,0.593387,-0.176975,-0.594584,0.258096,0.101036,-0.6145,1.483342
181,0.457025,0.792605,1.322933,1.361842,1.834458,1.182575,1.275565,1.359175,0.424014,-0.352644
182,0.241652,0.349009,-1.049968,-0.093616,-0.122595,-0.305319,-1.02673,0.141608,-0.09,0.236824
183,0.741121,0.913518,0.96292,0.932591,-0.389557,1.293169,0.908061,1.503103,0.349599,1.808719
184,-0.88671,-0.123648,1.532272,0.495994,2.706141,-0.480336,1.654458,1.471067,0.242647,0.243936
185,1.671097,1.261835,0.001259,0.734322,-1.015148,0.160216,-0.017399,0.114046,-0.04431,1.878521
186,-0.237694,-0.504498,0.133372,-0.548058,0.125175,0.560227,0.152407,0.465377,0.290399,-0.182601
187,0.714699,0.334841,1.371292,1.040983,-0.028502,0.53236,1.368541,1.696421,0.172517,0.97476
188,-0.589214,-0.159752,-1.654241,-1.372666,-0.393194,-1.240204,-1.641037,-1.445358,0.084217,-1.560152
189,-1.313628,-1.445128,-0.28786,-1.585177,-0.461832,-1.339173,-0.28907,-1.631953,-1.016388,-0.570141
190,-1.461421,-1.306469,-2.014041,-0.614699,0.198948,-1.294704,-1.997443,-1.833982,-1.329113,-0.61867
191,1.15381,0.077364,1.3777,1.152875,-1.478637,1.62925,1.354503,1.499601,1.533892,-0.262731
192,2.059711,1.065777,1.534984,1.000859,2.726539,0.70415,1.68428,1.820553,1.116606,2.166415
193,-0.012016,0.747813,1.44086,0.542282,2.226282,0.774582,1.36295,1.550033,1.574437,-0.190226
194,1.041113,0.030135,0.284796,0.067209,-0.127359,0.022739,0.252761,-0.581133,1.077927,0.97752
195,-0.143297,-0.885768,0.03892,-0.748221,1.252136,-0.482132,0.0702,0.143834,-0.646017,0.484097
196,1.22847,0.904956,1.523202,1.306612,-0.693444,1.491708,1.622929,1.535863,0.295858,0.374227
197,-0.674944,-0.281526,-2.222778,-0.948124,0.14989,-0.620151,-2.187481,-0.47393,-1.261274,-1.443567
198,0.982902,1.209617,1.360963,0.997737,-0.449968,0.97179,1.299347,1.72949,0.75625,1.83063
199,-2.015698,-1.565025,-1.483092,-1.420255,-0.379597,-1.57674,-1.424722,-1.538672,-0.673231,-0.342762
200,-0.001279,-0.099758,0.277872,-0.386373,-0.53191,-0.307598,0.294916,0.309681,-0.577376,0.679968
201,-1.640297,-1.152501,-1.909628,-1.828467,-0.444087,-1.98816,-1.900568,-1.622285,-0.368509,-1.649928
202,1.84047,0.729707,0.766015,0.720552,-1.195841,1.988007,0.783347,0.678246,1.496489,2.158887
203,1.280981,1.740195,-0.035144,0.889291,-0.228956,0.118986,-0.029873,0.803217,0.992148,1.82438
204,1.955201,2.093598,0.981818,0.673335,1.124722,1.207847,0.992136,1.024782,-0.219052,0.267354
205,-1.072138,-1.677563,0.306014,-1.424402,0.892096,-0.341812,0.295625,-1.625665,-0.501518,0.305072
206,1.892266,0.967055,1.310772,1.508464,-0.493911,0.626751,1.282978,1.043124,0.486815,1.880283
207,1.541794,0.772293,0.056457,0.981058,-0.09119,0.00391,0.083797,1.759645,-0.331599,1.751375
208,0.890969,1.604113,0.344177,1.45108,-0.372582,2.041762,0.327811,1.652359,1.129105,-0.739409
209,-1.211813,-0.939931,-0.549854,-1.542719,0.043527,-0.454291,-0.534134,-0.230323,-1.120951,0.505563
210,-0.801356,-1.040069,0.518128,1.097246,1.642829,-0.262923,0.512034,0.840575,-0.728846,0.553694
211,0.343757,0.477032,-0.663704,0.460495,-0.40274,0.416365,-0.634506,0.293307,1.107625,0.794014
212,-0.077754,-0.233957,0.339729,0.035844,-0.77999,-1.268663,0.318777,0.33314,-0.545457,-0.697618
213,-0.497127,-0.369781,1.163262,-0.752161,2.159508,-0.641593,1.109165,0.398771,-0.676796,-1.142971
214,0.12177,0.000776,1.169344,0.229862,1.164079,-0.24474,1.146072,-0.415188,-0.279395,-0.145873
215,-0.249735,-0.083513,-0.462374,0.125345,-0.061805,-0.463664,-0.391534,-0.63284,1.020548,1.119821
216,1.023942,2.033911,1.576607,1.74874,2.029331,1.996802,1.635456,1.830657,1.4187,-0.119717
217,1.825494,2.043011,1.553004,0.803803,2.323485,1.304968,1.709389,1.342849,1.579338,0.757295
218,0.229931,-0.632803,0.632677,-0.488789,1.147861,0.350442,0.642352,1.734603,0.119373,-0.561388
219,-1.561169,-2.199991,-0.700772,-1.637384,-0.469976,-1.980636,-0.702505,-1.659538,-0.964302,0.092955
220,1.319695,1.256895,0.718525,-0.292548,-0.821785,1.733038,0.728916,0.019675,1.323087,-1.267808
221,-0.469475,-0.331556,-0.740309,-0.381901,-0.274908,0.124989,-0.775051,-0.634084,1.170964,-1.052936
222,-0.5811,-1.506458,0.908553,-0.194657,1.101373,0.160015,0.880606,0.098907,-0.003655,0.450273
223,0.435225,-0.489844,0.862711,0.084982,1.397839,0.151634,0.831535,0.129026,0.237055,0.667262
224,0.515259,-0.070689,0.867132,0.760535,2.330108,0.944877,0.828558,0.318652,1.141158,0.866186
225,-1.175581,-0.069384,0.442851,-0.773869,-0.402371,-0.381566,0.399259,0.145115,-0.079589,-0.592041
226,-0.212207,-1.244309,0.908237,-0.184574,-0.397559,-0.792328,0.884296,-1.390052,-1.080257,-1.534078
227,1.720578,0.985452,0.673261,1.104501,1.814608,1.445014,0.655102,1.359229,0.447589,-0.86793
228,0.061479,-0.863063,0.793366,-0.547364,-0.857447,-0.887336,0.815189,0.214864,-0.566999,-0.236748
229,-0.697292,-0.4115,0.201988,-1.012047,-0.897365,-0.170824,0.127029,-1.69686,-0.732629,-0.070233
230,0.3646,0.306725,1.203177,0.315701,-1.126201,0.112015,1.125651,1.4943,-0.5108,-1.055172
231,-0.128847,0.368483,-2.0872,-0.669256,-1.365562,0.192648,-2.04334,-0.488133,-1.154016,-1.613377
232,-0.242373,-0.428835,-1.826893,-0.580575,-0.985677,-0.644436,-1.792825,-0.529655,-0.584919,-1.132634
233,1.12515,1.8727,0.705625,1.469755,-0.645009,0.611615,0.656636,0.979242,1.092105,1.028761
234,-1.4709,-0.356796,-1.834017,-1.400208,0.454732,-1.195973,-1.806806,-1.337616,-0.42134,-1.606936
235,-1.03173,-1.70626,-1.001722,-1.070807,0.758359,-1.782779,-1.028279,-0.683619,-1.61172,0.107259
236,0.569029,0.644697,-0.701281,1.2114,0.310302,1.967447,-0.706479,1.068552,1.59451,-0.663156
237,0.163437,-0.383486,0.707506,0.790198,0.258864,0.363493,0.657086,0.12221,0.00313,-0.048013
238,1.550241,1.203765,1.303049,2.058726,0.743,0.899873,1.208642,1.819571,1.613297,2.128461
239,-0.444435,-0.752819,-1.365921,0.157501,-0.428564,-1.318335,-1.328204,-0.792384,-0.993137,-0.874191
240,1.46142,2.148724,0.910486,1.487524,-0.621815,1.29349,0.910341,1.694485,1.118531,-0.002336
241,-0.834291,0.269917,-1.847923,0.594054,-0.992186,-0.626859,-1.855613,-0.071924,0.014638,0.160079
242,-1.161438,-0.353851,0.177922,0.180406,-0.345032,0.19808,0.209712,-0.180277,0.022922,-0.629216
243,-0.605083,1.039383,0.030584,-0.013891,0.228628,0.179939,0.010313,0.519555,0.251955,-1.085092
244,1.16576,1.18216,0.39579,0.756237,-0.215449,0.476173,0.35933,0.5888,0.571316,-0.175958
245,1.371889,0.779887,0.178892,0.92208,-1.343628,0.777169,0.179661,0.803325,1.685144,1.073229
246,-1.075451,-0.700838,-1.489472,-0.14447,-0.997374,-0.552128,-1.47806,-1.572453,-0.570449,-1.639236
247,0.373529,-0.475179,1.195366,-0.164919,0.227766,0.04825,1.105257,1.116504,-0.42851,1.178696
248,-0.574682,-0.918829,0.315032,-1.117101,0.170279,-0.034654,0.294063,-0.367301,-0.798977,0.875932
249,0.958203,1.861066,0.570771,0.907057,-0.374533,0.319703,0.555508,-0.166757,1.186888,1.843298
250,1.114454,1.891906,0.804145,2.446278,-0.494704,0.371226,0.80655,1.605391,-0.119859,2.066973
251,-1.496644,-2.213525,0.000915,-1.438489,-0.259232,-1.566748,-0.047331,-0.901887,-0.24283,-0.1233
252,-1.130172,-0.050878,0.25914,-0.154568,0.316803,-0.356061,0.253199,-0.753281,-0.204436,-0.595984
253,1.795467,2.20726,0.673054,2.136246,2.085116,1.701172,0.644097,1.948058,1.584302,0.747641
254,0.246171,-0.220631,0.447115,0.666034,1.42044,0.594432,0.454132,-0.811349,-0.631202,0.306228
255,-1.417113,-1.660479,-0.793896,-1.124299,-1.142327,-0.548842,-0.759333,-1.803407,-0.848814,0.342826
256,0.586398,0.542801,1.045146,0.186977,0.432395,1.131785,1.033767,0.003692,1.055744,-0.683829
257,1.477522,1.422977,1.114939,2.26464,-0.039873,1.126882,1.096925,1.67815,1.569249,2.202201
258,1.166272,1.079821,0.516911,2.213946,-0.413105,0.766738,0.497553,1.736759,0.80739,0.615828
259,0.628767,0.405602,0.344769,1.178342,0.109145,0.073561,0.378124,0.221169,0.386961,-0.687006
260,-1.186895,-0.633367,-1.567031,0.085493,-0.512447,-0.505959,-1.549104,-0.482094,-0.139261,-1.546111
261,0.008599,1.274184,1.279784,-0.078231,1.437848,2.13969,1.222327,1.783853,1.657805,-1.139022
262,-0.828076,-0.860286,-0.724724,0.085094,0.607631,0.394546,-0.749929,-0.794777,0.428568,-1.037433
263,-0.081341,0.982756,0.867294,1.333968,-0.900802,0.477935,0.880672,1.935571,-0.206742,0.775325
264,-1.602504,-0.285397,-0.692431,-0.280309,-0.650105,-0.575406,-0.693182,-0.704428,0.192077,-1.492246
265,0.110039,0.743871,1.198592,-0.499399,1.70243,-0.464613,1.124083,0.42274,-0.466608,-0.032839
266,1.302075,1.254045,1.108781,1.370865,2.384144,1.580839,1.010478,1.773188,1.331999,-0.065931
267,0.695827,0.867002,0.916478,1.320174,0.301513,1.379871,0.884914,0.659098,1.193139,-0.092313
268,-1.534809,-0.912291,-0.5158,-1.149462,-0.394928,-1.809282,-0.477074,-0.621105,-1.209958,-0.279999
269,0.241005,-0.184068,0.637696,-0.098339,1.64449,0.874763,0.634487,0.649285,-0.349826,0.816056
270,-0.679952,-0.281983,0.581572,-0.881696,2.02673,-0.254603,0.579436,-0.077592,0.391047,0.575893
271,0.226225,-0.299639,-0.234724,0.414777,0.570916,0.48429,-0.255683,1.688468,-0.002564,-0.346594
272,0.416481,0.307516,0.525421,1.317473,-1.663806,-0.369609,0.488658,0.13591,0.367885,-0.105702
273,1.510735,0.881043,1.265247,1.423142,0.466079,1.228371,1.258312,0.839966,-0.039434,1.961027
274,1.122238,1.610405,1.163745,1.45001,-0.710475,0.164102,1.142205,0.025046,0.312087,1.483253
275,0.279623,0.153007,0.743451,1.429786,1.583458,0.944067,0.710894,0.449757,1.116998,-0.377186
276,1.098243,1.128854,1.536386,1.090055,0.166727,0.539028,1.677242,1.731289,-0.322088,1.433572
277,0.670495,0.624315,-0.876724,0.770063,-0.821382,-0.990682,-0.85029,-0.304593,0.100392,0.392272
278,-2.089594,-1.788365,-1.917511,-1.349041,-1.123788,-0.546161,-1.885265,-1.811535,-0.393013,-1.732113
279,1.52683,1.034386,0.647388,1.418345,-0.447432,0.848405,0.661605,1.784817,1.435507,0.319513
280,1.23097,0.604188,0.495369,1.547612,0.394044,1.0081,0.458242,0.080685,1.951184,0.639438
281,-0.210296,0.067215,-2.416775,-0.551024,-0.135921,-0.071789,-2.389616,-1.637578,1.485887,-0.841623
282,-0.028263,0.622597,-1.318878,-0.075429,-0.554074,0.808472,-1.332517,-0.480889,1.196841,-1.392147
283,-0.259757,-0.14566,-0.099042,-0.086683,0.077444,0.825146,-0.118394,-0.607368,-1.207148,0.214734
284,-0.898821,-1.481996,-0.204993,-1.443694,0.049407,-1.463342,-0.252982,-1.613448,-0.981293,0.067383
285,0.331314,0.173916,-0.740166,1.605428,0.306826,0.8185,-0.714485,0.18125,0.337215,-1.322975
286,-1.295926,-1.592796,-1.384461,-1.585867,-1.640634,-1.77167,-1.364815,-0.416704,-2.011046,-0.47969
287,0.199561,-0.127703,-2.075091,0.507222,-1.374691,-0.46104,-2.030428,-0.597524,1.626843,-1.235593
288,1.988844,1.891401,0.833923,2.149909,1.985467,1.623711,0.789519,1.763527,1.507422,1.132324
289,-1.26461,-1.18585,-1.71102,-1.279626,0.212719,-1.025162,-1.699206,-0.961044,0.118862,-1.219698
290,-1.18559,-1.470812,-0.686096,-0.866813,-0.311868,-0.835845,-0.666148,-0.786468,-0.435953,0.539498
291,-0.850328,0.144351,0.122918,0.013164,-0.855292,-0.442645,0.108219,-0.371365,-1.591658,0.997798
292,0.828874,0.013118,0.079653,-0.261735,0.736324,-0.164927,0.105937,1.493169,0.141527,1.518489
293,-0.672038,0.093512,-0.217564,-1.18442,0.052716,-1.110387,-0.229271,-0.202221,-0.567395,0.262569
294,1.081143,0.964309,-0.112212,1.238781,-0.042408,1.273615,-0.143581,0.314941,1.44953,0.053413
295,-1.375834,-0.36305,-1.592885,-0.780376,-0.999256,-1.657401,-1.563645,-0.863214,-0.785747,-1.309957
296,-1.600766,-1.318021,-1.150088,-1.729752,-0.473127,-0.035536,-1.112014,-1.904,-0.724047,0.003513
297,-0.931802,-0.105841,-1.060651,-0.233912,0.103035,-0.602848,-1.079263,-1.030934,-0.399354,0.208669
298,0.373432,-0.13972,-1.155906,-0.88744,-0.373749,0.147107,-1.117005,0.055124,0.826343,-1.264816
299,0.579503,0.142261,1.177431,0.724417,2.28704,0.476195,1.246924,0.67683,-0.517659,0.539108
300,-0.856897,-1.54203,-0.703601,-1.638381,-0.960204,-1.59218,-0.724798,-0.131014,-1.368436,-0.500625
301,0.381767,0.646815,-1.682955,0.410331,-0.720269,1.148022,-1.643803,0.182852,0.378365,-1.441527
302,1.046972,1.500141,1.546765,0.522426,1.785684,0.615826,1.627836,0.416377,0.231913,0.934362
303,-0.331699,-0.358743,0.573538,-0.296346,2.193203,-0.017047,0.553987,0.103331,-0.398351,0.525173
304,0.645413,1.119903,0.583141,-0.292851,0.151524,0.882526,0.551595,0.782465,0.559265,0.495923
305,0.498254,0.705631,0.858228,1.147629,2.175092,1.044034,0.871536,0.68627,1.339834,-1.001482
306,0.385222,-0.455584,0.849512,0.753013,-1.431881,0.032483,0.821401,0.237659,-0.738518,0.95103
307,-0.312543,-1.39495,0.782275,-0.69604,1.415414,-0.032229,0.742549,0.329638,0.394027,0.785272
308,1.19633,1.822592,0.89663,0.566217,-0.15917,1.374413,0.874995,1.745807,1.07204,-0.164733
309,0.202275,1.108745,1.395025,-0.186313,-0.958853,-0.481487,1.429426,0.467368,-0.730011,1.750966
310,-0.095781,0.529925,-0.701183,-0.483119,-0.115449,0.238049,-0.685713,0.46466,-0.160456,-1.188212
311,0.835824,-0.740149,0.588221,0.561567,-0.104815,0.798428,0.568226,-0.16677,0.08834,-0.353029
312,0.165158,-0.882979,-1.432003,0.1045,-0.563701,-0.070983,-1.43649,-1.169974,-0.536338,0.13538
313,0.108988,-0.297279,-1.704664,-0.404388,-1.065079,-0.667334,-1.701465,-0.797148,-0.739052,-1.392884
314,1.067145,-0.674728,-0.343578,1.356049,0.310332,-0.356767,-0.326406,0.201318,0.698711,0.836289
315,0.11691,0.465504,-1.56361,-0.356086,-0.359344,0.672446,-1.575336,0.798695,1.602852,-0.685722
316,-1.753244,-1.190005,-0.664479,-0.99292,-0.918276,-0.724535,-0.667878,-0.6394,-0.565222,-1.247906
317,-1.404125,-0.839389,-1.919813,-0.797979,-0.057579,-1.649616,-1.914478,-1.855849,-1.693578,-0.827978
318,-0.257634,-1.154488,-1.417847,-0.75162,-0.881067,-0.60765,-1.384506,0.113701,0.744963,-0.106318
319,-0.590803,0.108593,0.094808,0.555203,-0.551614,-0.750273,0.132636,0.670474,-0.409907,-0.155697
320,-0.575204,-1.35317,-0.222528,-1.250807,0.31712,-0.919593,-0.239497,-0.174913,-1.241353,-0.004058
321,0.780544,0.639183,0.938755,-0.315494,0.995238,0.192116,0.922477,0.086968,-0.244956,0.780579
322,0.948488,2.029666,0.527147,1.278178,0.126513,1.214224,0.504108,1.119321,0.692638,-0.443811
323,0.317116,1.263905,0.583918,1.241364,-0.308199,0.096402,0.55993,0.677246,0.835171,1.691607
324,1.177071,0.483317,1.006923,1.825905,-1.262362,0.174102,0.959392,0.742189,0.309431,1.823491
325,-0.821797,-2.068788,-0.013293,-0.835093,-0.317153,-1.316051,-0.047941,-1.298244,-1.179125,0.273959
326,-0.996561,0.501481,0.846757,-0.870798,-1.119799,-0.514066,0.854826,-0.440261,-0.742362,1.044374
327,-0.537778,-0.594756,1.105003,-0.24323,-0.471145,-1.14526,1.047497,0.60188,-0.394337,-0.509149
328,-0.841457,-1.069824,-0.657386,-0.670649,-0.095838,-0.887582,-0.697312,-0.126721,0.02036,-0.641007
329,-0.497536,0.830629,0.678237,0.458649,2.096949,2.534395,0.67947,0.04807,0.733813,-0.308264
330,0.022579,-0.150794,-0.029857,-0.215335,-0.788719,0.497552,-0.054205,-0.10503,-0.687461,-0.216976
331,-0.470809,-0.83537,-1.005813,-1.071789,-0.311566,-0.720067,-0.997386,-0.656842,-0.463128,-1.1097
332,-0.737568,-0.224071,-0.689345,-0.303936,0.312239,-0.670807,-0.712559,-0.806276,-0.342575,0.242279
333,-0.534672,0.51642,0.597131,-0.855157,2.575079,-1.412963,0.60904,1.622982,-0.660679,-0.250925
334,0.797173,1.120233,0.471472,1.229583,-0.0799,0.143069,0.43414,0.171425,0.338437,-0.642682
335,-0.915501,0.15504,0.763415,-0.501973,1.94434,-0.55086,0.783266,-0.370162,-1.181601,-1.326094
336,-0.145576,0.434522,-1.381312,-0.858418,-1.164358,-0.382098,-1.353572,-0.622044,1.149461,-1.152164
337,1.474861,1.181251,1.569423,1.480618,2.101149,1.49762,1.468479,1.440578,0.687365,1.90114
338,-1.622338,-0.798477,0.584078,-0.7826,-0.775274,-0.718892,0.610713,-0.717744,-0.256346,0.228694
339,-0.746734,-0.249583,-0.757857,-0.608428,0.439763,-0.146808,-0.72196,-0.061887,0.700201,-0.626356
340,0.73622,0.395081,0.850265,1.02013,1.31842,0.684271,0.815107,0.353436,0.061636,0.397777
341,0.014754,-1.159326,0.866657,-0.49161,1.893832,-0.205513,0.856488,-0.54801,-0.430176,0.1573
342,-1.617423,-1.341944,-2.4476,-0.704203,-1.21481,-1.174239,-2.428598,-1.884875,-1.156806,-1.777921
343,1.520309,-0.361404,0.878048,0.185494,-0.714384,0.861118,0.83292,-0.032607,-0.696265,1.27605
344,-0.940398,-1.332028,-1.473536,-1.080661,-1.0265,0.913758,-1.468563,-0.649581,-1.028752,-1.303341
345,-0.54677,-0.147527,-0.197405,-0.649736,0.058545,0.566855,-0.191217,-0.651369,-0.712066,-0.180444
346,-1.482137,-1.690719,-1.855609,-1.752034,0.268632,-2.003578,-1.82226,-2.032216,-1.828523,-1.616207
347,-0.167554,0.66379,0.744542,1.254302,0.188544,0.138794,0.714602,0.644605,0.376471,-0.047324
348,0.423062,0.420835,-0.42077,-0.333337,1.135554,0.186714,-0.408289,1.372091,-0.441777,-0.986676
349,0.170243,0.416574,-1.641944,-0.744903,-0.621579,-0.383083,-1.599034,-0.432661,2.053756,-1.276973
350,0.030232,0.062796,1.144461,0.486769,-1.254381,0.550904,1.108981,0.96692,0.095147,1.249831
351,0.077386,0.321283,-0.162659,-0.193943,-1.674493,-0.416119,-0.168147,0.335566,1.239382,-1.250159
352,0.230238,0.504698,0.906006,0.599886,0.497069,0.524134,0.887587,-0.357509,0.943963,0.936413
353,0.502818,1.110968,0.055135,1.142694,0.596287,1.432673,0.03114,0.430433,-0.161446,1.609285
354,-0.009696,1.209331,0.965748,1.143522,1.053493,-0.064571,0.937086,1.508777,0.052581,-1.014161
355,0.772885,-0.752248,0.621129,-0.089822,-0.54259,0.586721,0.595204,0.713947,-0.691177,1.052901
356,0.894764,0.408163,-1.948757,0.475185,-1.61209,0.790022,-1.918976,-0.248629,1.454056,0.707488
357,0.342665,0.679892,0.534312,0.789479,-0.534967,0.341927,0.504647,0.400263,0.487397,-0.216586
358,-0.032558,-0.193445,0.608654,-0.961574,0.539759,-0.252215,0.571859,0.03466,-0.045201,0.001537
359,0.556529,0.114629,-0.0185,0.06915,-0.228607,-0.170817,-0.045322,-0.281031,-0.174243,-0.450877
360,1.091255,1.32033,0.562392,1.498616,1.316454,0.966135,0.565257,0.993693,0.427989,1.384688
361,0.826719,0.437443,0.808844,0.601458,-0.20183,0.472741,0.699525,1.605011,-0.460761,1.444965
362,-1.100389,-1.595974,0.611344,-1.019298,-0.578596,-0.747769,0.580448,-0.214137,-1.00319,0.421416
363,1.24515,0.024235,0.582103,0.586097,-0.444529,1.098477,0.534033,0.146768,-0.046113,-1.060638
364,-0.524196,1.412267,1.552491,-0.192064,2.343183,0.938695,1.562429,0.553579,1.023554,-0.041842
365,1.325868,1.095574,0.257948,1.323972,-0.170174,0.798532,0.274415,-0.025209,1.395786,1.210124
366,-0.532238,-0.231889,-0.163554,-1.150897,-0.620512,-0.760069,-0.161884,-0.571793,-0.341858,-0.104459
367,-0.767667,-1.576115,-1.470466,-0.583335,-0.327908,-0.093643,-1.469881,-1.772577,-0.59569,-0.93303
368,0.93649,0.41241,0.051255,1.062423,-0.584225,1.243069,0.039564,0.365107,1.543242,0.348247
369,0.328778,1.175988,0.601736,0.934926,0.060009,1.538951,0.568403,1.573417,1.642562,1.392494
370,-0.184531,-1.588417,-0.264771,-0.377409,0.512148,-0.922349,-0.245535,-0.207771,-0.531514,0.148931
371,-1.723837,-1.205374,0.271578,-1.054657,-0.052823,-1.411987,0.252183,-0.37246,-0.773327,-0.777615
372,-0.896783,-1.279221,0.710261,-0.612092,0.756191,-0.68847,0.646868,-1.557445,-0.697593,-0.545554
373,1.14969,0.36934,-1.168785,1.413732,-0.102634,1.037823,-1.145863,0.174342,1.124482,1.504108
374,0.161344,0.074245,0.819921,0.625235,-0.338335,0.945176,0.776033,0.449337,-0.002597,1.777539
375,-0.818471,-1.364742,-0.724473,-1.662053,-0.640981,-1.571762,-0.742494,-1.899783,-1.38007,-1.672531
376,1.529328,0.621704,0.855033,1.145419,1.810276,-0.041246,0.875675,1.124889,-0.775506,1.138821
377,-0.290419,-0.270634,-0.07738,-0.400213,-0.777005,-0.355122,-0.044966,-0.326017,-0.350121,-0.525095
378,0.424929,-0.038148,-0.104458,0.331519,-0.523981,1.092334,-0.112816,-0.40942,1.243115,-1.212842
379,-0.048718,0.656276,-1.143955,1.711137,-0.784878,0.238555,-1.116371,-0.30123,1.531359,-1.066003
380,-1.546309,-2.053513,-2.153429,-2.165873,-0.222111,-1.528007,-2.123523,-1.902816,-1.836235,-1.435353
381,-1.04835,-1.088638,-1.178766,-1.441812,-0.895686,-1.070113,-1.16528,-0.672726,-1.319051,-0.468049
382,-0.043423,-0.561295,-0.975052,-0.345935,-0.864968,0.127725,-0.968748,-0.997236,-1.568667,0.137169
383,1.520425,0.876873,0.834683,0.916195,-1.664828,0.465888,0.879697,0.523119,-0.01882,2.113286
384,1.260323,1.037574,0.383677,-0.382391,2.169693,1.01552,0.354574,0.607839,0.452599,-1.257423
385,0.443665,0.951417,1.265051,0.775354,-0.318055,0.864502,1.258973,1.685393,1.199289,1.01255
386,1.107912,0.713062,-1.359748,1.08034,-0.556256,0.788175,-1.346429,0.548206,0.642818,-0.789313
387,-0.17501,-0.774891,0.215466,-0.178655,-0.573698,-0.661875,0.173044,-0.527509,0.602559,0.423798
388,-0.296178,-0.096659,1.144568,-0.16718,1.893553,-0.227683,1.088644,0.187737,-0.406367,-0.213158
389,-0.552256,-0.857898,-0.86519,-0.963422,-0.203258,0.301311,-0.86002,-0.472562,-0.073835,-1.064852
390,1.444283,1.406443,0.716953,0.798563,-0.366852,0.875887,0.672985,1.78061,1.180654,-1.269827
391,1.327923,1.126165,0.283108,-0.332057,-0.936391,2.258677,0.266734,1.285488,1.569465,-0.754197
392,1.689094,0.480275,0.664985,1.289597,-0.768154,1.188173,0.651204,0.931207,0.683163,1.655144
393,0.600367,0.495563,-0.011662,1.027584,-0.473751,1.079204,0.015312,0.912348,0.848657,-1.551397
394,-1.814989,-1.199431,0.563889,-1.098881,-0.945248,0.002787,0.531672,-1.065759,-0.651258,0.223665
395,0.413338,1.28028,0.875822,0.562975,0.720757,1.362439,0.833617,0.551256,0.992692,0.301356
396,-0.307467,-0.656587,-0.145426,-0.609245,-0.533662,0.111731,-0.165242,-0.351733,0.147667,0.280452
397,-0.941164,-0.899329,-1.368198,-0.967897,-1.120664,-1.685178,-1.366814,-0.669519,-1.681515,-1.158741
398,-0.208852,-0.114747,-2.68139,-0.996692,-0.327612,-1.179989,-2.629816,-1.643759,-0.207061,-0.948324
399,-1.221565,-0.897862,-0.66389,-0.746927,0.202932,-0.423892,-0.674662,-0.45005,-0.381608,-1.785997
400,-2.028237,-1.601217,-2.021038,-1.582227,-0.052743,-2.259898,-1.993649,-1.904215,-1.047739,-0.115419
401,-0.932103,-1.632836,0.416834,-0.290005,1.990193,-1.325373,0.395043,-0.170109,-2.251734,0.284556
402,0.7441,1.549983,0.946325,0.830733,1.115874,0.019614,0.898628,1.897867,-0.046761,0.418753
403,1.789047,1.631783,0.681182,1.498382,1.042029,1.971176,0.642224,1.318001,0.985994,2.232374
404,0.519773,0.507149,0.626979,0.320857,-0.31827,-0.346591,0.588136,0.778346,-0.599316,0.288705
405,-0.129679,0.639594,0.620126,0.756195,-1.490357,0.170417,0.669948,0.13897,-0.451914,-1.11668
406,-0.120889,-0.013098,0.276659,1.184712,-1.104539,0.067036,0.29709,0.041897,0.093644,-1.15871
407,0.643597,-0.199911,-0.000581,0.736411,-0.586341,-0.166386,0.049818,-0.068557,-0.070963,-1.236596
408,0.129979,-0.78866,0.645131,-0.398493,1.758244,-0.765329,0.617705,1.538955,-0.153776,0.685852
409,-0.006778,0.583716,-1.223771,-0.341496,-0.591789,0.789382,-1.218944,0.031791,0.317137,-0.468407
410,0.279302,-0.312091,0.000448,0.069181,-0.061423,-0.054953,-0.014291,-0.201133,-0.005388,0.894101
411,-1.616858,-0.739355,-0.365716,-0.505617,-0.640144,-1.364489,-0.406021,-1.017536,-0.815504,-0.140906
412,1.871162,1.251517,0.967952,1.670362,-0.914504,0.543155,0.946577,0.741754,1.223272,0.214035
413,-1.453594,-1.197376,-0.834572,-1.464246,-0.327108,-0.62541,-0.836535,-1.379052,-1.788152,-1.534585
414,-0.465731,-0.721343,0.837859,0.314147,-0.458653,-0.863235,0.762327,-1.456422,-0.338373,0.630256
415,1.835688,2.191511,1.338191,1.997196,-0.345236,1.029177,1.326612,1.118235,1.602899,0.422867
416,-0.683463,-1.157319,0.190978,-0.467497,1.619253,-1.052387,0.17912,-0.819533,-0.947126,0.524046
417,1.169511,0.559309,-0.052101,-0.15378,1.933092,0.556801,-0.073943,0.445,-0.092367,-0.698989
418,0.573457,0.752036,-0.024793,0.137855,-0.519512,0.45699,-0.028015,0.225896,0.354691,1.201047
419,0.228021,0.29295,0.226266,0.603879,-0.672529,-0.245521,0.190945,1.569415,0.288384,-0.439101
420,1.713859,1.098819,1.288915,-0.163259,2.304543,-0.144184,1.259362,1.187342,-0.650532,0.074152
421,-1.166031,-1.280874,-1.316437,-0.804115,0.202121,-0.833807,-1.309925,-0.923368,-0.228413,-0.049263
422,-0.916535,-1.135961,-0.184358,-0.626264,1.35725,0.224645,-0.202944,-0.113844,-0.926425,0.491459
423,-0.686084,0.236689,1.08946,0.588912,0.831035,0.004412,1.085071,1.682082,-1.540449,1.603193
424,-0.122806,0.309624,0.056178,0.521618,-1.064244,-1.009528,0.010498,0.300946,-0.183847,1.552568
425,-0.024859,-0.431697,0.037037,0.19207,-0.099018,-0.144341,0.047769,-0.81642,-0.405811,-0.462666
426,0.454438,1.56697,1.38103,0.131593,1.867511,0.368949,1.383969,0.69549,1.042503,1.347659
427,-0.165175,0.442196,0.361403,0.166621,-0.84737,-0.053289,0.332613,-0.267877,-0.680804,-1.416368
428,0.770811,-0.658108,-1.640096,0.445724,-0.372956,0.370636,-1.628895,-0.547904,2.099972,-0.267978
429,0.425199,0.322352,-2.042121,-0.830097,-0.584655,-0.008502,-2.023148,-0.463087,1.75114,-1.406129
430,1.344324,0.772668,1.250133,1.280802,0.580433,0.591298,1.209406,1.318566,1.569479,2.132075
431,-1.272374,-1.126548,-0.356838,-0.821262,-0.085347,-0.50279,-0.351427,-1.69612,-1.083538,-0.490353
432,0.181907,-0.129339,0.835827,0.278306,1.146257,0.800344,0.802458,0.044963,-0.778029,-0.301618
433,0.813765,0.611982,-0.060596,1.026742,0.188327,-0.059706,-0.069126,0.321888,0.831286,0.767284
434,-0.73052,-0.600734,-0.228891,0.218739,0.052554,0.086259,-0.242324,-0.381575,-1.337774,0.508022
435,-0.22661,0.564019,1.016067,-0.615922,2.376923,0.746866,1.023096,0.095143,-1.814929,0.46184
436,1.079162,1.624348,0.086023,0.714998,0.055111,0.193854,0.05278,0.885697,1.389511,-1.090948
437,-0.859529,-0.883216,0.276868,-0.817964,0.068301,0.123495,0.269967,0.120942,-0.470565,-0.51562
438,-1.242165,-1.078293,-1.669975,-1.707779,-1.148897,-0.819705,-1.637755,-2.061576,-1.395203,-0.721899
439,-0.15333,-0.601341,-1.154091,-0.462564,-0.449628,-0.169328,-1.152537,-0.826258,0.067122,-0.017229
440,-0.038093,-0.165988,-0.050156,-0.15578,-0.916679,-0.507308,-0.034857,-0.454629,0.310617,-0.523456
441,-1.626657,-1.269281,-2.056647,-1.422001,-0.238903,-1.070544,-2.035778,-1.80541,-0.613201,-1.796858
442,1.10804,1.511542,1.180923,1.078815,2.009357,0.581428,1.133767,1.65225,0.333631,1.087886
443,0.362721,0.918349,0.847523,0.967004,-0.396928,0.638056,0.846011,1.078193,0.379191,1.751991
444,-0.172283,-0.704414,-0.088367,0.177388,-0.666184,0.18,-0.13129,0.556581,0.346692,-0.559702
445,0.318973,1.802991,1.093474,0.34672,-0.205808,-0.579368,1.089713,0.105503,-0.20711,-1.70461
446,0.37372,0.107424,0.724289,-0.146796,0.119703,-0.847274,0.650843,0.384477,-1.356246,0.79868
447,0.775339,-0.263177,1.598792,-1.436167,0.56311,0.58972,1.6362,0.699038,0.459137,-0.049743
448,1.229367,0.36912,0.662263,1.471115,1.680259,-0.232082,0.654747,1.851261,0.317328,0.833045
449,0.768584,0.282244,0.974956,1.179238,0.799176,-0.998789,1.008622,1.730398,-0.398247,1.091387
450,0.094047,1.228117,0.032055,0.73707,-1.067794,0.226341,0.03482,1.021302,-0.316462,1.370733
451,-1.375561,-1.207817,-0.26796,-1.40067,-0.489408,-0.773412,-0.288709,-1.288843,-0.980535,-0.767477
452,0.34791,0.565213,-1.901898,-0.256923,-0.775413,0.120103,-1.869486,-0.14788,-0.527831,-0.694425
453,1.551138,1.601129,1.120052,1.308015,-1.671182,1.282345,1.043035,1.658825,1.134352,1.031434
454,1.262806,0.27821,0.188661,0.328472,0.313787,1.761233,0.184918,1.562626,-0.053625,-0.464994
455,-1.954776,-1.001649,-1.142832,-1.852748,-0.159366,-1.782964,-1.132524,-1.855328,-1.08586,-1.473545
456,1.689775,1.203402,1.522087,0.870352,-0.588379,0.164799,1.481462,0.447002,0.498717,1.916553
457,-0.23162,-0.194033,0.230021,0.023099,1.265201,-0.368973,0.224854,-0.66981,-1.150116,0.502981
458,-0.145959,0.444864,0.791061,-0.158316,0.450293,0.308295,0.694839,0.652887,-0.171624,0.377888
459,-0.500082,0.171647,-0.010894,0.21547,-0.204407,-0.204559,-0.023645,0.193219,1.080351,-0.05475
460,-0.173937,0.515264,0.760054,0.246209,1.24798,0.194301,0.788582,0.321688,0.079842,1.554313
461,0.909524,0.342138,0.692067,0.320681,-1.24593,0.138336,0.657557,0.637692,0.476288,1.479782
462,-1.012194,-0.682205,-1.491222,0.195926,0.310071,-0.627189,-1.479,-0.236872,0.320274,-0.896391
463,-1.186542,-1.81148,0.092935,-0.991797,0.284174,-0.985106,0.092755,-0.124634,-0.080205,0.604897
464,-0.275956,-0.416834,-1.092615,-0.695001,-0.368447,-0.495086,-1.069907,-0.752528,-0.620839,-1.805471
465,0.894355,0.870909,0.481233,0.612149,-0.141859,-0.336012,0.437307,1.566842,0.457881,1.268361
466,0.655485,0.514286,0.805127,0.377715,1.533577,0.238499,0.82999,1.549476,0.203822,1.515063
467,0.022851,-0.450573,0.907534,-0.246837,-0.671341,0.137019,0.893424,1.549943,-0.147952,-0.243858
468,-1.570325,-1.72207,-0.966892,-0.961334,-0.665678,-1.176336,-0.949067,-0.904333,-2.39213,-0.219166
469,0.35045,0.307851,-0.416777,1.068337,0.137462,0.298827,-0.408793,-0.286232,0.114007,-0.915968
470,-0.67206,-1.098554,-1.75758,-0.306979,-1.285213,-0.303965,-1.718884,-0.874548,-0.584533,-1.825922
471,0.837501,0.716314,-0.236982,0.181701,-1.068294,-0.542809,-0.255154,0.077859,0.409193,-0.101355
472,0.902558,0.639297,0.414153,1.09577,-0.775612,-0.330282,0.388259,-0.188299,-0.053193,1.695986
473,0.367835,0.450787,-1.960059,0.600775,-0.204532,-0.376061,-1.946055,-0.836334,-0.199613,-0.85735
474,0.022566,0.077018,0.583544,0.287948,-0.429933,-0.958259,0.581694,0.692991,-0.628372,-0.846256
475,-0.746389,0.438295,0.032434,0.154632,-1.667935,0.5711,0.01417,-0.755905,-0.648965,-1.044492
476,-0.769448,-0.005814,-1.901397,-1.087469,-0.397345,-0.989781,-1.859233,-1.822472,1.159637,-1.086063
477,-1.304587,-1.075812,0.46179,-1.487782,0.430589,-0.362995,0.478764,-1.751404,-1.051844,-0.691956
478,0.319992,-0.740768,0.136524,0.12701,-0.661641,-0.753219,0.144558,-0.079034,0.523048,1.413405
479,-1.358832,-0.133376,-0.20797,-0.708866,-1.58449,-0.048621,-0.219274,-0.903146,0.197266,-1.284258
480,-1.264996,-1.588812,-1.44683,-1.935026,-0.804507,-1.35828,-1.433153,-1.93054,-1.274659,-0.089114
481,0.907733,1.11283,1.15379,0.812157,1.571046,1.453053,1.077862,0.773167,0.903449,0.716303
482,-1.015878,-1.288317,0.647321,-0.323251,2.098999,-2.028616,0.642147,0.281195,-1.37647,0.158397
483,1.125205,1.069293,0.408144,0.054665,-0.708974,0.552753,0.422612,0.046013,1.983789,0.072276
484,0.754775,0.124812,0.49127,0.754991,-1.071922,0.40499,0.476538,0.894992,-0.232165,-0.128363
485,-0.671749,-0.777947,-1.352633,-1.08637,-0.703827,-0.449402,-1.33054,-0.50237,-1.011499,-1.534367
486,1.009378,1.428344,1.252036,1.623038,-1.238058,1.70641,1.208136,0.539386,1.024402,0.778349
487,0.54891,0.016503,0.889878,-0.218787,-0.73502,0.331716,0.870367,1.33971,-0.101647,-0.181655
488,-1.055058,-1.574258,-0.865516,-1.477433,0.175106,-0.635803,-0.854717,-1.811437,-1.527762,-1.286196
489,-0.975914,-1.044438,-0.253126,-0.178289,-0.785196,0.37076,-0.261127,-0.365637,-1.167593,-1.599996
490,0.288721,-0.326465,0.533136,0.60916,0.100212,0.471981,0.504346,-1.490753,0.36764,-0.058642
491,1.839335,0.952573,0.224055,1.300258,-1.659749,0.454605,0.218011,0.997861,0.343168,1.492134
492,0.122148,0.039817,0.122775,-0.568936,1.529113,0.475226,0.097112,-0.334849,-0.071466,0.715794
493,-0.300157,-0.421802,0.926735,-0.491182,-1.270929,-0.943426,0.938901,0.231887,-0.112686,-0.38758
494,0.791329,0.469893,-0.347069,0.502773,-0.446719,1.208661,-0.383034,0.30977,0.567672,0.386929
495,0.218844,-0.718825,0.702764,-1.156463,1.786859,0.077171,0.664831,0.408171,-0.638426,1.305153
496,0.148359,-0.906743,1.056818,-0.308653,-0.270669,-0.718765,0.989892,-0.428277,-1.584783,-0.436812
497,-2.11764,-1.195497,-0.980418,-1.976024,-0.628944,-2.261383,-0.996858,-1.902054,-1.200781,-1.281971
498,1.957467,1.962655,0.238588,1.399941,0.089024,0.579847,0.257812,1.236691,0.333947,0.371313
499,-0.071314,0.654909,1.52548,-1.114376,-0.907523,0.089198,1.666735,0.511412,0.057862,1.24455
500,-1.09661,-1.897087,-2.007398,-1.616456,-0.034522,-1.965337,-1.970452,-1.78061,-2.263336,-0.299554
